{
	"variants" : {
        "alexsmobs:textures/entity/tarantula_hawk_angry.png" : "sprite:alexsmobs/tarantula_hawk_angry.png",
		"alexsmobs:textures/entity/tarantula_hawk_nether.png" : "sprite:alexsmobs/tarantula_hawk_nether.png",
		"alexsmobs:textures/entity/tarantula_hawk_nether_angry.png" : "sprite:alexsmobs/tarantula_hawk_nether_angry.png",
        "alexsmobs:textures/entity/tarantula_hawk_baby.png" : "sprite:alexsmobs/tarantula_hawk_baby.png",
		"default" : "sprite:alexsmobs/tarantula_hawk.png"
	}
}