{"includes":["../terminals/crafting_terminal.json","universal_terminal_with_viewcells.json"],"slots":{"AE2WTLIB_TRASH":{"left":-9999,"bottom":-9999,"hidden":true},"AE2WTLIB_HELMET":{"left":-9999,"bottom":-9999,"hidden":true},"AE2WTLIB_CHESTPLATE":{"left":-9999,"bottom":-9999,"hidden":true},"AE2WTLIB_LEGGINGS":{"left":-9999,"bottom":-9999,"hidden":true},"AE2WTLIB_BOOTS":{"left":-9999,"bottom":-9999,"hidden":true},"AE2WTLIB_OFFHAND":{"left":-9999,"bottom":-9999,"hidden":true}},"widgets":{"emptyTrash":{"left":-9999,"bottom":-9999},"player":{"left":-9999,"bottom":-9999}}}