{
  "variants": {
    "default": "model:0"
  },
  "modelConfigs": [
    {
      "baseScale": 1.0,
      "rotationY": 0,
      "rotationX": 0,
      "rotationZ": 0,
      "offsetX": 0,
      "offsetY": 0,
      "modelPartsFields": [
        "net.adventurez.entity.model.TheEyeModel;leftSite",
        "net.adventurez.entity.model.TheEyeModel;rightSite"
      ],
      "modelMainPartFieldAliases": [
        "net.adventurez.entity.model.TheEyeModel;middle"
      ],
      "renderingFullModel": false,
      "modelPartsRotationReset": true,
      "layersAllowed": true
    }
  ]
}
