{
    "variants": {
        "bewitchment:textures/entity/living/werewolf/0.png": "outlined_sprite:bewitchment/werewolf_0.png",
        "bewitchment:textures/entity/living/werewolf/1.png": "outlined_sprite:bewitchment/werewolf_1.png",
        "bewitchment:textures/entity/living/werewolf/2.png": "outlined_sprite:bewitchment/werewolf_2.png",
        "bewitchment:textures/entity/living/werewolf/3.png": "outlined_sprite:bewitchment/werewolf_3.png",
        "bewitchment:textures/entity/living/werewolf/4.png": "outlined_sprite:bewitchment/werewolf_4.png",
        "bewitchment:textures/entity/living/werewolf/5.png": "outlined_sprite:bewitchment/werewolf_5.png",
        "bewitchment:textures/entity/living/werewolf/6.png": "outlined_sprite:bewitchment/werewolf_6.png",
        "default": "outlined_sprite:bewitchment/werewolf_6.png"
    }
}