{
	"variants" : {
		"default" : "model:0"
	},
	"modelConfigs" : [
		{
            "baseScale" : 1.0,
			"rotationY" : 0,
			"rotationX" : 0,
			"rotationZ" : 0,
			"offsetX" : 0,
			"offsetY" : 0,
            "modelPartsFields" : [
                "net.pavocado.exoticbirds.client.model.BudgerigarModel;beak"
            ],
            "modelMainPartFieldAliases" : [
				"net.pavocado.exoticbirds.client.model.BudgerigarModel;head"
			],
			"renderingFullModel" : false,
			"modelPartsRotationReset" : false,
			"layersAllowed" : true
		}
	]
}