{
	"variants": {
		"default": "model:0"
	},
	"modelConfigs": [
		{
			"baseScale": 1.0,
			"rotationY": 0,
			"rotationX": 0,
			"rotationZ": 0,
			"offsetX": 0,
			"offsetY": 0,
			"modelPartsFields": [
				"net.pavocado.exoticbirds.client.model.CraneModel;upperBeak",
				"net.pavocado.exoticbirds.client.model.CraneModel;lowerBeak",
				"net.pavocado.exoticbirds.client.model.CraneModel;neck",
				"net.pavocado.exoticbirds.client.model.CraneModel;tonsils",
				"net.pavocado.exoticbirds.client.model.CraneModel;headQuill1",
				"net.pavocado.exoticbirds.client.model.CraneModel;headQuill2",
				"net.pavocado.exoticbirds.client.model.CraneModel;headQuill3",
				"net.pavocado.exoticbirds.client.model.CraneModel;headQuill4",
				"net.pavocado.exoticbirds.client.model.CraneModel;headQuill5"
			],
			"modelMainPartFieldAliases": [
				"net.pavocado.exoticbirds.client.model.CraneModel;head"
			],
			"renderingFullModel": false,
			"modelPartsRotationReset": false,
			"layersAllowed": true
		}
	]
}