{
  "variants": {
    "default": "model:0"
  },
  "modelConfigs": [
    {
      "baseScale": 0.5,
      "rotationY": 0,
      "rotationX": 0,
      "rotationZ": 0,
      "offsetX": 0,
      "offsetY": 0,
      "modelPartsFields": [
        "slexom.earthtojava.mobs.client.renderer.entity.model.JumboRabbitModel;leftEar",
        "slexom.earthtojava.mobs.client.renderer.entity.model.JumboRabbitModel;rightEar"
      ],
      "modelMainPartFieldAliases": [
        "slexom.earthtojava.mobs.client.renderer.entity.model.JumboRabbitModel;head"
      ],
      "renderingFullModel": false,
      "modelPartsRotationReset": true,
      "layersAllowed": true
    }
  ]
}
