{
  "variants": {
    "default": "model:0"
  },
  "modelConfigs": [
    {
      "baseScale": 1.0,
      "rotationY": 0,
      "rotationX": 0,
      "rotationZ": 0,
      "offsetX": 0,
      "offsetY": 0,
      "modelPartsFields": [
        "quek.undergarden.client.model.MuncherModel;upperJaw"
      ],
      "modelMainPartFieldAliases": [
        "quek.undergarden.client.model.MuncherModel;lowerJaw"
      ],
      "renderingFullModel": false,
      "modelPartsRotationReset": true,
      "layersAllowed": true
    }
  ]
}
