{
    "variants": {
        "default": "model:0"
    },
    "modelConfigs": [
        {
            "baseScale": 0.5,
            "rotationY": 0,
            "rotationX": 0,
            "rotationZ": 0,
            "offsetX": 0,
            "offsetY": 20,
            "modelPartsFields": [
                "net.obscuria.aquamirae.client.model.Modelanglerfish;lamp1"
            ],
            "modelMainPartFieldAliases": [
                "net.obscuria.aquamirae.client.model.Modelanglerfish;main"
            ],
            "renderingFullModel": false,
            "modelPartsRotationReset": true,
            "layersAllowed": true
        }
    ]
}